id,vehicleId,serviceId,date,status,notes,created_at,updated_at
order-client-1-1,,,,pending,,2025-09-13T06:36:35.914Z,2025-09-13T06:36:35.914Z
order-client-1-2,,,,pending,,2025-09-13T06:36:35.914Z,2025-09-13T06:36:35.914Z
order-client-2-1,,,,pending,,2025-09-13T06:36:35.915Z,2025-09-13T06:36:35.915Z
order-client-3-1,,,,pending,,2025-09-13T06:36:35.915Z,2025-09-13T06:36:35.915Z
order-client-3-2,,,,pending,,2025-09-13T06:36:35.915Z,2025-09-13T06:36:35.915Z
order-client-3-3,,,,pending,,2025-09-13T06:36:35.915Z,2025-09-13T06:36:35.915Z
order-client-4-1,,,,pending,,2025-09-13T06:36:35.915Z,2025-09-13T06:36:35.915Z
order-client-4-2,,,,pending,,2025-09-13T06:36:35.915Z,2025-09-13T06:36:35.915Z
order-client-5-1,,,,pending,,2025-09-13T06:36:35.915Z,2025-09-13T06:36:35.915Z
order-client-5-2,,,,pending,,2025-09-13T06:36:35.915Z,2025-09-13T06:36:35.915Z
order-client-6-1,,,,pending,,2025-09-13T06:36:35.915Z,2025-09-13T06:36:35.915Z
order-client-7-1,,,,pending,,2025-09-13T06:36:35.915Z,2025-09-13T06:36:35.915Z
order-client-7-2,,,,pending,,2025-09-13T06:36:35.915Z,2025-09-13T06:36:35.915Z
order-client-8-1,,,,pending,,2025-09-13T06:36:35.915Z,2025-09-13T06:36:35.915Z
order-client-9-1,,,,pending,,2025-09-13T06:36:35.915Z,2025-09-13T06:36:35.915Z
order-client-9-2,,,,pending,,2025-09-13T06:36:35.915Z,2025-09-13T06:36:35.915Z
order-client-10-1,,,,pending,,2025-09-13T06:36:35.915Z,2025-09-13T06:36:35.915Z
order-client-10-2,,,,pending,,2025-09-13T06:36:35.915Z,2025-09-13T06:36:35.915Z
order-1760171072162a2ftuydf4,vehicle-1760171072162dud4nv5ue,1759764570767y975elqug,45876,completed,{"B":45876,"C":931381,"D":941381,"E":"interbrand "},2025-10-11T08:24:32.162Z,2025-10-11T08:24:32.162Z
order-1760171072163w5jc909o0,vehicle-1760171072162ls2g1ki9y,1759764570767y975elqug,29/07/25,completed,{"B":"29/07/25","C":770285,"D":780285,"E":"interbrand "},2025-10-11T08:24:32.163Z,2025-10-11T08:24:32.163Z
order-17601710721630f2k2q4cj,vehicle-1760171072163v0r5io4aq,1759764570767y975elqug,25/8/2025,completed,{"B":"25/8/2025","C":76800,"D":77800,"E":"interbrand "},2025-10-11T08:24:32.163Z,2025-10-11T08:24:32.163Z
order-1760171072164zk2w64qe1,vehicle-1760171072164syl7spx3z,1759764570767y975elqug,23/07/25,completed,{"B":"23/07/25","C":739290,"D":749290,"E":"incolbest"},2025-10-11T08:24:32.164Z,2025-10-11T08:24:32.164Z
order-17601710721647yu1m4x7l,vehicle-1760171072164fted5ohcm,1759764570767y975elqug,45693,completed,{"B":45693,"C":653000,"D":663000,"E":"frasle"},2025-10-11T08:24:32.164Z,2025-10-11T08:24:32.164Z
order-1760171072165yk1i8ifq3,vehicle-17601710721654rpfgxikf,1759764570767y975elqug,45845,completed,{"B":45845,"C":644071,"D":654071,"E":"frasle"},2025-10-11T08:24:32.165Z,2025-10-11T08:24:32.165Z
order-1760171072165nc2uzu8ao,vehicle-1760171072165g8f2lb5w4,1759764570767y975elqug,45999,completed,{"B":45999,"C":620817,"D":630817,"E":"frasle"},2025-10-11T08:24:32.165Z,2025-10-11T08:24:32.165Z
order-1760171072166lkxugoyg0,vehicle-1760171072166sqtqnlusu,1759764570767y975elqug,15/0725,completed,{"B":"15/0725","C":404197,"D":414197,"E":"frasle"},2025-10-11T08:24:32.166Z,2025-10-11T08:24:32.166Z
order-176017107216672xcv3i0c,vehicle-1760171072166jxoftjzu8,1759764570767y975elqug,45937,completed,{"B":45937,"C":508554,"D":518554,"E":"frasle"},2025-10-11T08:24:32.166Z,2025-10-11T08:24:32.166Z
order-1760171072167o5zlk3ddv,vehicle-1760171072166rfgub2045,1759764570767y975elqug,29/09/2025,completed,{"B":"29/09/2025","C":293214,"D":284346,"E":"frasle"},2025-10-11T08:24:32.167Z,2025-10-11T08:24:32.167Z
order-17601710721670kfiqqx4m,vehicle-1760171072167soibkpatv,1759764570767y975elqug,45999,completed,{"B":45999,"C":313548,"D":323548,"E":"frasle"},2025-10-11T08:24:32.167Z,2025-10-11T08:24:32.167Z
order-17601710721681n7dk5q4b,vehicle-17601710721673e4l333rk,1759764570767y975elqug,29/09/25,completed,{"B":"29/09/25","C":335429,"D":325438,"E":"frasle"},2025-10-11T08:24:32.168Z,2025-10-11T08:24:32.168Z
order-1760171072168ccps4nwwc,vehicle-17601710721688fvymzrx4,1759764570767y975elqug,20/06/2025,completed,{"B":"20/06/2025","C":191650,"D":201650,"E":"brake pak"},2025-10-11T08:24:32.168Z,2025-10-11T08:24:32.168Z
order-1760171072169fhe506bvo,vehicle-17601710721680lqd1xu04,1759764570767y975elqug,29/06/25,completed,{"B":"29/06/25","C":2414.47,"D":251447,"E":"frasle"},2025-10-11T08:24:32.169Z,2025-10-11T08:24:32.169Z
order-1760171072169c117oubcf,vehicle-1760171072169pcp5w3fza,1759764570767y975elqug,25/4/2025,completed,{"B":"25/4/2025","C":198192,"D":208190,"E":"frsle"},2025-10-11T08:24:32.169Z,2025-10-11T08:24:32.169Z
order-1760171072169xunpjdo5y,vehicle-1760171072169c8arjgsf8,1759764570767y975elqug,45754,completed,{"B":45754,"C":1852.26,"D":195226,"E":"frasle"},2025-10-11T08:24:32.170Z,2025-10-11T08:24:32.170Z
order-1760171072170c9glafb43,vehicle-1760171072170bb0iqj09j,1759764570767y975elqug,20/06/25,completed,{"B":"20/06/25","C":1576.64,"D":167663,"E":"frasle"},2025-10-11T08:24:32.170Z,2025-10-11T08:24:32.170Z
order-1760171072170pjgrbw0up,vehicle-1760171072170h4m00lwfr,1759764570767y975elqug,15/07/25,completed,{"B":"15/07/25","C":142702,"D":152702,"E":"frasle"},2025-10-11T08:24:32.170Z,2025-10-11T08:24:32.170Z
order-1760171072171u38e4rdg5,vehicle-1760171072171tnb9qudf4,1759764570767y975elqug,19/05/25,completed,{"B":"19/05/25","C":85107,"D":95107,"E":"incolbes"},2025-10-11T08:24:32.171Z,2025-10-11T08:24:32.171Z
order-1760171072177e1m1gddos,vehicle-1760171072176ckxuy6vm0,1759764522172scynkrghv,45845,completed,{"B":45845,"C":"derecha "},2025-10-11T08:24:32.177Z,2025-10-11T08:24:32.177Z
order-1760171072178tv7ebltup,vehicle-1760171072177tldndh271,1759764522172scynkrghv,26/09/25,completed,{"B":"26/09/25","C":"derecha ","D":"Kos"},2025-10-11T08:24:32.178Z,2025-10-11T08:24:32.178Z
order-1760171072178amn9yvueq,vehicle-1760171072178nnc95x9j2,1759764522172scynkrghv,45937,completed,{"B":45937,"C":"derecha ","D":"luman"},2025-10-11T08:24:32.178Z,2025-10-11T08:24:32.178Z
order-1760171072178z0puneems,vehicle-1760171072178oj44xnoli,1759764522172scynkrghv,15/07/25,completed,{"B":"15/07/25","C":"derecho ","D":"luman "},2025-10-11T08:24:32.178Z,2025-10-11T08:24:32.178Z
order-1760171072179koxasu7p6,vehicle-1760171072179ytqwri3l4,1759764522172scynkrghv,18/08/25,completed,{"B":"18/08/25","C":"derecha","D":"luman"},2025-10-11T08:24:32.179Z,2025-10-11T08:24:32.179Z
order-1760171072179qwneuno9y,vehicle-1760171072179kf7lo5mfk,1759764522172scynkrghv,45999,completed,{"B":45999,"C":"derecho ","D":"luman"},2025-10-11T08:24:32.179Z,2025-10-11T08:24:32.179Z
order-1760171072179ya9hwu9t1,vehicle-1760171072179j60qcobms,1759764522172scynkrghv,17/09/25,completed,{"B":"17/09/25","C":"derecha ","D":"luman"},2025-10-11T08:24:32.180Z,2025-10-11T08:24:32.180Z
order-1760171072180o68wezltk,vehicle-1760171072180lm6r2py4f,1759764522172scynkrghv,45966,completed,{"B":45966,"C":"derecha","D":"luman"},2025-10-11T08:24:32.180Z,2025-10-11T08:24:32.180Z
order-1760171072180l0zpclu2v,vehicle-17601710721802yzz8gfbv,1759764522172scynkrghv,29/07/26,completed,{"B":"29/07/26","C":"derecha ","D":"luman"},2025-10-11T08:24:32.180Z,2025-10-11T08:24:32.180Z
order-17601710721802tbsatwok,vehicle-1760171072180g0535fcsh,1759764522172scynkrghv,45909,completed,{"B":45909,"C":"derecha ","D":"luman"},2025-10-11T08:24:32.180Z,2025-10-11T08:24:32.180Z
order-1760171072181wb8xhz5vu,vehicle-1760171072181agp89rvyp,1759764522172scynkrghv,14/08/25,completed,{"B":"14/08/25","C":"derecha ","D":"luman"},2025-10-11T08:24:32.181Z,2025-10-11T08:24:32.181Z
order-1760171072181fab8tosf8,vehicle-1760171072181irutr1nz8,1759764522172scynkrghv,30/09/25,completed,{"B":"30/09/25","C":"derecha ","D":"luman "},2025-10-11T08:24:32.181Z,2025-10-11T08:24:32.181Z
order-1760171072181mpjt71ndo,vehicle-17601710721810ugo23ag2,1759764522172scynkrghv,29/06/25,completed,{"B":"29/06/25","C":"derecha ","D":"luman"},2025-10-11T08:24:32.181Z,2025-10-11T08:24:32.181Z
order-1760171072182hmb1485b2,vehicle-1760171072182gqwbmvygg,1759764522172scynkrghv,45782,completed,{"B":45782,"C":"derecha","D":"luman "},2025-10-11T08:24:32.182Z,2025-10-11T08:24:32.182Z
order-17601710721820z7arbwxe,vehicle-1760171072182z1uq9z8bb,1759764522172scynkrghv,18/09/25,completed,{"B":"18/09/25","C":"derecha ","D":"luman"},2025-10-11T08:24:32.182Z,2025-10-11T08:24:32.182Z
order-1760171072182ghx53w79v,vehicle-1760171072182q5uodwxfo,1759764522172scynkrghv,24/07/25,completed,{"B":"24/07/25","C":"derecha ","D":"luman "},2025-10-11T08:24:32.182Z,2025-10-11T08:24:32.182Z
order-1760171072183ru8td5svp,vehicle-1760171072182gu8rb27bs,1759764522172scynkrghv,45909,completed,{"B":45909,"C":"derecha ","D":"luman"},2025-10-11T08:24:32.183Z,2025-10-11T08:24:32.183Z